ВОР;ВОР_факт;ВОР_остаток;Ед_изм;%_выполнения_ВОР;Осталось_дней_прогноз;ЛОТ_ID;Процент_завершения;Базовая_длительность;Базовое_начало;Базовое_окончание;Начало;Окончание;Длительность;Причины_отклонений;Заметки;Уровень_структуры;БЛОК;Ид;Уникальный_идентификатор;Предшественники;Последователи;Дата_ограничения;Название;ЛОТ;ID_проекта;Уровень;Шифр_ПД_и_РД
;;;;;;;0%;326 д;21.04.26;12.03.27;20.04.26;02.10.27;531 д;;;1;Суммарная задача;1;209;;;НД;msp_leninsky;;0feb8a44-a0f4-11ef-af7f-0050560219d5;1;
;;;;;;;0%;326 д;21.04.26;12.03.27;20.04.26;02.10.27;531 д;;;2;СМР;2;523;;;НД;СМР;;;2;
;;;;;;;0%;326 д;21.04.26;12.03.27;20.04.26;02.10.27;531 д;;;3;СМР;3;735;;;НД;Блок А;;;3;
18000;;;м2;;;;0%;92 д;21.04.26;21.07.26;21.04.26;21.07.26;92 д;;;4;СМР;4;736;;;20.04.26;Сваи;ЛОТ №7;;4;
;;;;;;;0%;278 д;21.04.26;23.01.27;20.04.26;13.08.27;481 д;;;4;СМР;5;737;;;НД;КОРОБКА, КРОВЛЯ, СТЕНЫ;ЛОТ №8;;4;
350;205;145;шт;59;;;1%;200 д;21.04.26;06.11.26;20.04.26;10.11.26;200 д;;;5;СМР;6;738;;"10ОН+143 д;12НН+43 д;8ОН+13 д";20.04.26;Фундаменты сборные;8.1;;4;
;;;;;;;0%;21 д;20.11.26;10.12.26;24.11.26;02.01.27;40 д;;;5;СМР;7;739;;;НД;Фундаменты монолитные;8.2;;4;
7500;5500;2000;м3;73;;;0%;21 д;20.11.26;10.12.26;24.11.26;02.01.27;40 д;;;6;СМР;8;740;6ОН+13 д;18ОН-12 д;08.12.25;Устройство монолитной железобетонной плиты под технические помещения (в тч земляные работы, основание песок, щебень, гидроизоляция);;;5;
;;;;;;;0%;50 д;11.09.26;30.10.26;03.04.27;21.06.27;80 д;;;5;СМР;9;741;;;НД;Цокольные панели;;;4;
3500;;;м2;;;;0%;50 д;11.09.26;30.10.26;03.04.27;21.06.27;80 д;;;6;СМР;10;742;6ОН+143 д;"14НН+3 д;15НН+3 д;16НН+32 д;17НН+32 д;19НН";НД;Укладка цокольных панелей (в тч земляные работы, устройство стеновых стыков, монолитные участки, гидроизоляция);8.3;;5;
;;;;;;;0%;131 д;03.06.26;11.10.26;02.06.26;10.10.26;131 д;;;5;СМР;11;743;;;НД;Железобетонные колонны;;;4;
4000;;;м3;;;;0%;131 д;03.06.26;11.10.26;02.06.26;10.10.26;131 д;;;6;СМР;12;744;6НН+43 д;;20.04.26;Установка колонн (в тч земляные работы , замоноличивание стыков, гидроизоляция);8.4;;5;
;;;;;;;0%;130 д;11.09.26;18.01.27;22.12.26;10.08.27;232 д;;;5;СМР;13;745;;;НД;Металлические конструкции;8.5;;4;
200;;;т;;;;0%;90 д;14.09.26;12.12.26;06.04.27;04.07.27;90 д;Расторжение Договора;"В связи с остановкой СМР компании ООО ""СВ"" и заменой последних на нового КА";6;СМР;14;746;10НН+3 д;"25НН+31 д;26НН+31 д;64ОН-73 д;78ОН-50 д;79ОН-50 д;81ОН-50 д;80ОН-50 д;84ОН-50 д;85ОН-50 д;82ОН-50 д;87;88ОН-92 д;67ОН-29 д";НД;Монтаж балок перекрытий, колонн, опор под оборудование;;;5;
200;;;т;;;;0%;90 д;14.09.26;12.12.26;06.04.27;04.07.27;90 д;Расторжение Договора;"В связи с остановкой СМР компании ООО ""СВ"" и заменой последних на нового КА";6;СМР;15;747;10НН+3 д;;НД;Монтаж балок перекрытий, колонн, опор под оборудование;;;5;
20;;;т;;;;0%;98 д;13.10.26;18.01.27;05.05.27;10.08.27;98 д;;;6;СМР;16;748;10НН+32 д;;НД;Монтаж наружного фахверка;;;5;
20;;;т;;;;0%;45 д;13.10.26;26.11.26;05.05.27;18.06.27;45 д;;;6;СМР;17;749;10НН+32 д;"20НН+32 д;21НН+32 д;22НН+32 д;23НН+32 д";НД;Монтаж внутреннего фахверк;;;5;
100;;;т;;;;0%;40 д;29.11.26;07.01.27;22.12.26;30.01.27;40 д;;;6;СМР;18;750;8ОН-12 д;"27ОН-9 д;32ОН-20 д";НД;Монтаж пристройки (технические помещения);;;5;
50;;;т;;;;0%;90 д;11.09.26;09.12.26;03.04.27;01.07.27;90 д;;;6;СМР;19;751;10НН;94;НД;Монтаж наружной металлической лестницы с покрытием из реш.настила (входные) с ограждением;;;5;
100;;;т;;;;0%;28 д;14.11.26;11.12.26;06.06.27;03.07.27;28 д;;;6;СМР;20;752;17НН+32 д;94;НД;Монтаж м/к наружной металлической лестницы (в т. ч. пожарной);;;5;
50;;;т;;;;0%;28 д;14.11.26;11.12.26;06.06.27;03.07.27;28 д;;;6;СМР;21;753;17НН+32 д;94;НД;Монтаж лестницы на мезонин;;;5;
50;;;т;;;;0%;28 д;14.11.26;11.12.26;06.06.27;03.07.27;28 д;;;6;СМР;22;754;17НН+32 д;94;НД;Монтаж ограждения мезонина;;;5;
50;;;т;;;;0%;28 д;14.11.26;11.12.26;06.06.27;03.07.27;28 д;;;6;СМР;23;755;17НН+32 д;94;НД;Монтаж щитов металлических;;;5;
;;;;;;;0%;92 д;15.10.26;14.01.27;22.01.27;06.08.27;197 д;;;5;СМР;24;756;;;НД;Профилированный лист;8.6;;4;
30000;;;м2;;;;0%;92 д;15.10.26;14.01.27;07.05.27;06.08.27;92 д;Расторжение Договора;"В связи с остановкой СМР компании ООО ""СВ"" и заменой последних на нового КА";6;СМР;25;757;14НН+31 д;"29НН+17 д;31НН+17 д;34НН+17 д;35НН+17 д;36НН+17 д;37НН+17 д;38НН+17 д;40ОН-33 д;30НН+17 д";НД;Монтаж перекрытий из профилированного листа Н114-750-0.7, в т.ч. метизы;;;5;
30000;;;м2;;;;0%;92 д;15.10.26;14.01.27;07.05.27;06.08.27;92 д;Расторжение Договора;"В связи с остановкой СМР компании ООО ""СВ"" и заменой последних на нового КА";6;СМР;26;758;14НН+31 д;;НД;Монтаж покрытия из профилированного листа Н114-750-1.0, в т.ч. метизы;;;5;
30000;;;м2;;;;0%;15 д;30.12.26;13.01.27;22.01.27;05.02.27;15 д;;;6;;27;2414;18ОН-9 д;39ОН-5 д;НД;Монтаж покрытия из профилированного листа технических помещений;;;5;
;;;;;;;0%;80 д;01.11.26;19.01.27;11.01.27;11.08.27;213 д;;;5;СМР;28;759;;;НД;Ограждающие конструкции;8.7;;4;
1000;;;м3;;;;0%;80 д;01.11.26;19.01.27;24.05.27;11.08.27;80 д;Расторжение Договора;"В связи с остановкой СМР компании ООО ""СВ"" и заменой последних на нового КА";6;СМР;29;760;25НН+17 д;"42ОН-8 д;43ОН-8 д;49ОН-78 д;52ОН-62 д;53ОН-62 д;54ОН-62 д;55ОН-62 д;58ОН-8 д;59ОН-8 д;61ОН-8 д;63ОН-16 д;75ОН-46 д";НД;Монтаж сэндвич-панелей толщиной 120мм (наружные);;;5;
1000;;;м3;;;;0%;70 д;01.11.26;09.01.27;24.05.27;01.08.27;70 д;Расторжение Договора;"В связи с остановкой СМР компании ООО ""СВ"" и заменой последних на нового КА";6;СМР;30;762;25НН+17 д;"90ОН-59 д;91ОН-59 д;92ОН-59 д;93ОН-59 д";НД;Монтаж сэндвич-панелей толщиной 100мм (внутренние);;;5;
500;;;м3;;;;0%;80 д;01.11.26;19.01.27;24.05.27;11.08.27;80 д;Расторжение Договора;"В связи с остановкой СМР компании ООО ""СВ"" и заменой последних на нового КА";6;СМР;31;763;25НН+17 д;;НД;Монтаж сэндвич-панелей кровельных толщиной 120мм;;;5;
500;;;м3;;;;0%;20 д;19.12.26;07.01.27;11.01.27;30.01.27;20 д;;;6;;32;2415;18ОН-20 д;94;НД;Монтаж сэндвич-панелей толщиной 120мм (наружные) тех. Помещений;;;5;
;;;;;;;0%;84 д;01.11.26;23.01.27;01.02.27;22.07.27;172 д;;;5;СМР;33;767;;;НД;Кровля;8.8;;4;
50000;;;м2;;;;0%;60 д;01.11.26;30.12.26;24.05.27;22.07.27;60 д;Расторжение Договора;"В связи с остановкой СМР компании ООО ""СВ"" и заменой последних на нового КА";6;СМР;34;768;25НН+17 д;94;НД;Устройство пароизоляции;;;5;
50000;;;м2;;;;0%;60 д;01.11.26;30.12.26;24.05.27;22.07.27;60 д;Расторжение Договора;"В связи с остановкой СМР компании ООО ""СВ"" и заменой последних на нового КА";6;СМР;35;769;25НН+17 д;94;НД;Утепление покрытий PIR 60 мм;;;5;
50000;;;м2;;;;0%;60 д;01.11.26;30.12.26;24.05.27;22.07.27;60 д;;;6;СМР;36;770;25НН+17 д;94;НД;Утепление покрытий плитами из минеральной ваты 50 мм;;;5;
50000;;;м2;;;;0%;60 д;01.11.26;30.12.26;24.05.27;22.07.27;60 д;;;6;СМР;37;771;25НН+17 д;94;НД;Устройство плоских однослойных кровель из пвх мембран ecoplast v-rp (1,2 мм) (со сваркой полотен) с укладкой разделительного слоя по утеплителю, с устройством примыканий;;;5;
50000;;;м2;;;;0%;60 д;01.11.26;30.12.26;24.05.27;22.07.27;60 д;;;6;СМР;38;772;25НН+17 д;94;НД;Система дождевой канализации (сифонно-вакуумная система внутреннего водостока) с врезкой в колодец;;;5;
50000;;;м2;;;;0%;15 д;09.01.27;23.01.27;01.02.27;15.02.27;15 д;;;6;;39;2416;27ОН-5 д;94;НД;Устройство кровли технических помещений;;;5;
;;;;;;;0%;40 д;13.12.26;21.01.27;05.07.27;13.08.27;40 д;;;5;СМР;40;773;25ОН-33 д;;НД;Внутренние лестницы;ЛОТ №9;;4;
;;;;;;;0%;60 д;12.01.27;12.03.27;04.08.27;02.10.27;60 д;;;4;СМР;41;775;;;НД;ПОДЪЕМНО-СЕКЦИОННЫЕ ВОРОТА, ДОКИ;ЛОТ №11;;4;
5;;;шт;;;;0%;60 д;12.01.27;12.03.27;04.08.27;02.10.27;60 д;Не передан фронт работ;"В связи с остановкой СМР компании ООО ""СВ"" и заменой последних на нового КА";5;СМР;42;776;29ОН-8 д;"44НН;45НН;46НН";НД;Устройство подъемных наружных секционных ворот (шхв) 2875х3000 мм ALUTECH (ProPlus);;;5;
5;;;шт;;;;0%;60 д;12.01.27;12.03.27;04.08.27;02.10.27;60 д;Не передан фронт работ;"В связи с остановкой СМР компании ООО ""СВ"" и заменой последних на нового КА";5;СМР;43;777;29ОН-8 д;94;01.07.26;Устройство подъемных наружных секционных ворот (шхв) 3560х4530 мм ALUTECH (ProPlus);;;5;
5;;;шт;;;;0%;60 д;12.01.27;12.03.27;04.08.27;02.10.27;60 д;Не передан фронт работ;"В связи с остановкой СМР компании ООО ""СВ"" и заменой последних на нового КА";5;СМР;44;778;42НН;94;НД;Уравнивающая перегрузочная платформа , докшелтер ALUTECH;;;5;
5;;;шт;;;;0%;60 д;12.01.27;12.03.27;04.08.27;02.10.27;60 д;;;5;СМР;45;779;42НН;94;НД;Герметизатор проема ALUTECH;;;5;
5;;;шт;;;;0%;60 д;12.01.27;12.03.27;04.08.27;02.10.27;60 д;;;5;СМР;46;780;42НН;94;НД;Направляющие для колес (колесоотбойники наружные) ALUTECH;;;5;
;;;;;;;0%;93 д;03.11.26;03.02.27;26.05.27;26.08.27;93 д;;;4;СМР;47;781;;;НД;ОКНА;ЛОТ №12;;4;
;;;;;;;0%;93 д;03.11.26;03.02.27;26.05.27;26.08.27;93 д;;;5;СМР;48;782;;;НД;Наружные;12.1;;4;
1100;;;м2;;;;0%;93 д;03.11.26;03.02.27;26.05.27;26.08.27;93 д;;;6;СМР;49;783;29ОН-78 д;94;НД;Наружные оконные блоки с ламинацией;;;5;
;;;;;;;0%;78 д;19.11.26;04.02.27;11.06.27;27.08.27;78 д;;;4;СМР;50;786;;;НД;ВИТРАЖИ;ЛОТ №13;;4;
;;;;;;;0%;78 д;19.11.26;04.02.27;11.06.27;27.08.27;78 д;;;5;СМР;51;787;;;НД;Наружные;13.1;;4;
600;;;м2;;;;0%;78 д;19.11.26;04.02.27;11.06.27;27.08.27;78 д;Не передан фронт работ;;6;СМР;52;788;29ОН-62 д;94;НД;Наружные витражи;;;5;
600;;;м2;;;;0%;78 д;19.11.26;04.02.27;11.06.27;27.08.27;78 д;Не передан фронт работ;;6;СМР;53;789;29ОН-62 д;94;НД;Наружные двери алюминевые 1200*2100мм;;;5;
600;;;м2;;;;0%;78 д;19.11.26;04.02.27;11.06.27;27.08.27;78 д;;;6;СМР;54;790;29ОН-62 д;94;НД;Наружный витраж с дверью на АБК 2100*2500мм (входные двери на Base);;;5;
400;;;м2;;;;0%;78 д;19.11.26;04.02.27;11.06.27;27.08.27;78 д;;;5;СМР;55;791;29ОН-62 д;94;НД;Внутренние;13.2;;4;
;;;;;;;0%;45 д;12.01.27;25.02.27;04.08.27;17.09.27;45 д;;;4;СМР;56;792;;;НД;ДВЕРИ, РАСПАШНЫЕ ВОРОТА;ЛОТ №14;;4;
;;;;;;;0%;45 д;12.01.27;25.02.27;04.08.27;17.09.27;45 д;;;5;СМР;57;793;;;НД;Наружные;14.1;;4;
35;;;шт;;;;0%;45 д;12.01.27;25.02.27;04.08.27;17.09.27;45 д;Не передан фронт работ;;6;СМР;58;794;29ОН-8 д;94;НД;Наружные двери металлические утепленные 2080*1670мм;;;5;
35;;;шт;;;;0%;45 д;12.01.27;25.02.27;04.08.27;17.09.27;45 д;Не передан фронт работ;;6;СМР;59;795;29ОН-8 д;94;НД;Наружные двери металлические утепленные 2080*1260мм;;;5;
;;;;;;;0%;45 д;12.01.27;25.02.27;04.08.27;17.09.27;45 д;;;5;СМР;60;796;;;НД;Внутренние;14.2;;4;
60;;;шт;;;;0%;45 д;12.01.27;25.02.27;04.08.27;17.09.27;45 д;;;6;СМР;61;797;29ОН-8 д;;НД;Внутренние противопожарные двери металлические 2080*970мм;;;5;
;;;;;;;0%;32 д;04.01.27;04.02.27;27.07.27;27.08.27;32 д;;;4;СМР;62;798;;;НД;КОЗЫРЬКИ;ЛОТ №15;;4;
600;;;м2;;;;0%;32 д;04.01.27;04.02.27;27.07.27;27.08.27;32 д;Не передан фронт работ;;5;СМР;63;799;29ОН-16 д;;НД;Стеклянный козырек 2х1,2 м (две тяги, тонированное стекло триплекс 8+8);;;5;
35000;;;м2;;;;0%;90 д;01.10.26;29.12.26;23.04.27;21.07.27;90 д;;;4;СМР;64;800;14ОН-73 д;;НД;ОГНЕЗАЩИТА;ЛОТ №16;;4;
;;;;;;;0%;84 д;14.11.26;05.02.27;06.06.27;28.08.27;84 д;;;4;СМР;65;801;;;НД;ПРОМЫШЛЕННЫЕ ПОЛЫ, ПОЛЫ АБК, ПЕРЕКРЫТИЯ, ПОКРЫТИЯ;ЛОТ №17;;4;
;;;;;;;0%;55 д;14.11.26;07.01.27;06.06.27;30.07.27;55 д;;;5;СМР;66;802;;;НД;ОСНОВАНИЕ ПОД ПОЛЫ;17.1;;4;
40000;;;м2;;;;0%;55 д;14.11.26;07.01.27;06.06.27;30.07.27;55 д;Не передан фронт работ;"В связи с остановкой СМР компании ООО ""СВ"" и заменой последних на нового КА";6;СМР;67;803;14ОН-29 д;69НН+29 д;НД;Основание под полы (стабилизация грунта + щебень 80 мм/песок 100 мм + геотекстиль);;;5;
;;;;;;;0%;55 д;13.12.26;05.02.27;05.07.27;28.08.27;55 д;;;5;СМР;68;804;;;НД;ПРОМЫШЛЕННЫЕ ПОЛЫ;17.2;;4;
40000;;;м2;;;;0%;55 д;13.12.26;05.02.27;05.07.27;28.08.27;55 д;Не передан фронт работ;"В связи с остановкой СМР компании ООО ""СВ"" и заменой последних на нового КА";6;СМР;69;805;67НН+29 д;"71НН;72НН;73НН";НД;Работы по устройству монолитной железобетонной плиты пола проектной толщиной 200мм, с армированием (нижний пояс) стержневой арматурой класса А500 O10 с ячейкой 200х200мм, из бетона класса В25, с нанесением упрочняющего покрытия, с устройством температурно;;;5;
;;;;;;;0%;40 д;13.12.26;21.01.27;05.07.27;13.08.27;40 д;;;5;СМР;70;806;;;НД;Полы АБК/перекрытия/покрытие;17.3;;4;
7000;;;м2;;;;0%;40 д;13.12.26;21.01.27;05.07.27;13.08.27;40 д;Не передан фронт работ;"В связи с остановкой СМР компании ООО ""СВ"" и заменой последних на нового КА";6;СМР;71;807;69НН;94;НД;Основание под плиту пола в АБК: песок 200, щебень фр.20-40 - 200, пленка (геотекстиль);;;5;
7000;;;м2;;;;0%;40 д;13.12.26;21.01.27;05.07.27;13.08.27;40 д;Не передан фронт работ;"В связи с остановкой СМР компании ООО ""СВ"" и заменой последних на нового КА";6;СМР;72;808;69НН;94;НД;Устройство монолитной ж/б плиты пола в АБК толщ. 140мм с утеплением;;;5;
7000;;;м2;;;;0%;40 д;13.12.26;21.01.27;05.07.27;13.08.27;40 д;Не передан фронт работ;"В связи с остановкой СМР компании ООО ""СВ"" и заменой последних на нового КА";6;СМР;73;809;69НН;94;НД;Устройство монолитной плиты перекрытия 170мм по смонтированному профлисту бетоном В25 (вкл. температурно-усадочный и деформационные швы, монолитный армированный пояс);;;5;
;;;;;;;0%;62 д;05.12.26;04.02.27;27.06.27;27.08.27;62 д;;;4;СМР;74;810;;;НД;ДЕКОР ФАСАДОВ;ЛОТ №18;;4;
2500;;;м2;;;;0%;62 д;05.12.26;04.02.27;27.06.27;27.08.27;62 д;Не передан фронт работ;;5;СМР;75;811;29ОН-46 д;94;НД;Монтаж металлокасет и декоративного перфорированного листа;;;5;
;;;;;;;0%;137 д;12.09.26;26.01.27;04.04.27;18.08.27;137 д;;;4;СМР;76;812;;;НД;ВНУТРЕННИЕ СЕТИ;ЛОТ №19;;4;
;;;;;;;0%;90 д;24.10.26;21.01.27;16.05.27;13.08.27;90 д;;;5;СМР;77;813;;;НД;ВНУТРЕННИЕ СЕТИ: ВОДОСНАБЖЕНИЕ, ВОДОТВЕДЕНИЕ, ОТОПЛЕНИЕ, ВЕНТИЛЯЦИЯ;19.1;;4;
600;;;пог.м;;;;0%;90 д;24.10.26;21.01.27;16.05.27;13.08.27;90 д;Не передан фронт работ;;6;СМР;78;815;14ОН-50 д;94;НД;Хозяйственно-бытовой водопровод, включая пожарный водопровод (холодное и горячее водоснабжение) Light Industrial;;;5;
600;;;пог.м;;;;0%;90 д;24.10.26;21.01.27;16.05.27;13.08.27;90 д;Не передан фронт работ;;6;СМР;79;816;14ОН-50 д;94;НД;Система хоз-бытовой и ливневой канализации Light Industrial;;;5;
600;;;пог.м;;;;0%;90 д;24.10.26;21.01.27;16.05.27;13.08.27;90 д;Не передан фронт работ;;6;СМР;80;817;14ОН-50 д;94;НД;Вентиляция Light Industrial;;;5;
600;;;пог.м;;;;0%;90 д;24.10.26;21.01.27;16.05.27;13.08.27;90 д;Не передан фронт работ;;6;СМР;81;818;14ОН-50 д;94;НД;Отопление и теплоснабжение Light Industrial;;;5;
600;;;пог.м;;;;0%;90 д;24.10.26;21.01.27;16.05.27;13.08.27;90 д;Не передан фронт работ;;6;СМР;82;820;14ОН-50 д;94;НД;Противопожарные резервуары 2*250 м3 с насосной станцией;;;5;
;;;;;;;0%;90 д;24.10.26;21.01.27;16.05.27;13.08.27;90 д;;;5;СМР;83;821;;94;НД;ВНУТРЕННИЕ СЕТИ: ЭЛЕТРОСНАБЖЕНИЕ;19.2;;4;
1500;;;пог.м;;;;0%;90 д;24.10.26;21.01.27;16.05.27;13.08.27;90 д;Не передан фронт работ;;6;СМР;84;824;14ОН-50 д;94;НД;Электроснабжение (ЭОМ) Light Industrial;;;5;
1500;;;пог.м;;;;0%;90 д;24.10.26;21.01.27;16.05.27;13.08.27;90 д;Не передан фронт работ;;6;СМР;85;825;14ОН-50 д;94;НД;Светильники Light Industrial;;;5;
;;;;;;;0%;137 д;12.09.26;26.01.27;04.04.27;18.08.27;137 д;;;5;СМР;86;827;;;НД;ВНУТРЕННИЕ СЕТИ: ПОЖАРНЫЕ;19.3;;4;
600;;;пог.м;;;;0%;45 д;13.12.26;26.01.27;05.07.27;18.08.27;45 д;Не передан фронт работ;;6;СМР;87;829;14;94;НД;Система управления оповещением и эвакуацией СОУЭ Автоматическая пожарная сигнализация АПС Комплексная автоматизация;;;5;
600;;;пог.м;;;;0%;120 д;12.09.26;09.01.27;04.04.27;01.08.27;120 д;;;6;СМР;88;830;14ОН-92 д;94;НД;Спринклерная система пожаротушения АУПТ (включая пожарный водопровод);;;5;
;;;;;;;0%;90 д;12.11.26;09.02.27;04.06.27;01.09.27;90 д;;;4;СМР;89;831;;;НД;ОТДЕЛОЧНЫЕ РАБОТЫ;ЛОТ №20;;4;
10000;;;м2;;;;0%;90 д;12.11.26;09.02.27;04.06.27;01.09.27;90 д;;;5;СМР;90;832;30ОН-59 д;94;НД;"Отделочные работы (потолок - окраска, сан.узел - грильято; стены - штукатурка под бетон, сан.узел - керамогранит/окраска; полы - ламинат; перегородки - ГКЛВ/ГКЛВО). Двери, окна, лестница -НЕ ВХОДЯТ В СТОИМОСТЬ.";;;5;
10000;;;м2;;;;0%;90 д;12.11.26;09.02.27;04.06.27;01.09.27;90 д;;;5;СМР;91;833;30ОН-59 д;94;НД;"Отделочные работы АБК 9,3*6м-2эт. (потолок - окраска, сан.узел - грильято; стены - штукатурка под бетон, сан.узел - керамогранит/окраска; полы - ламинат/керамогранит; перегородки - ГКЛВ/ГКЛВО). Двери, окна, лестница -НЕ ВХОДЯТ В СТОИМОСТЬ.";;;5;
10000;;;м2;;;;0%;90 д;12.11.26;09.02.27;04.06.27;01.09.27;90 д;;;5;СМР;92;834;30ОН-59 д;94;НД;"Отделочные работы пристройки под офис/ТЦ (потолок - окраска, сан.узел - грильято; стены - штукатурка под бетон, сан.узел - керамогранит/окраска; полы - ламинат/керамогранит; перегородки - ГКЛВ/ГКЛВО). Двери, окна, лестница -НЕ ВХОДЯТ В СТОИМОСТЬ.";;;5;
10000;;;м2;;;;0%;90 д;12.11.26;09.02.27;04.06.27;01.09.27;90 д;;;5;СМР;93;835;30ОН-59 д;;НД;Внутренние двери деревянные размером 970*2080мм;;;5;
;;;;;;;0%;0 д;12.03.27;12.03.27;02.10.27;02.10.27;0 д;;;4;;94;2417;"32;39;19;20;21;22;23;34;35;36;37;38;43;44;45;46;49;52;53;54;55;58;59;71;72;73;75;78;79;80;81;82;83;84;85;87;88;90;91;92";;НД;Завершение СМР;;;5;
